﻿School,Name,Grade,Year,Category,Number Tested,Mean Scale Score,# Level 1,% Level 1,# Level 2,% Level 2,# Level 3,% Level 3,# Level 4,% Level 4,# Level # 3+4,% Level 3+4
01M015,P.S 015 ROBERTO CLEMNTE,3,2019,All Students,27,606,1,3.7,7,25.9,18,66.7,1,3.7,19,70.4
01M015,P.S 015 ROBERTO CLEMNTE,3,2019,All Students,27,606,1,3.7,7,25.9,18,66.7,1,3.7,19,70.4
01M015,P.S 015 ROBERTO CLEMNTE,3,2020,All Students,27,606,1,3.7,7,25.9,18,66.7,1,3.7,19,70.4
01M015,P.S 015 ROBERTO CLEMNTE,4,2019,All Students,27,606,1,3.7,7,25.9,18,66.7,1,3.7,19,70.4
